team,att_strength,def_strength,season
Air Force,0.5355123038719459,-0.400901661166292,2012
Akron,0.8353158512964882,-0.6987299971003216,2012
Albany (NY),0.1963794617749396,0.29827198574736496,2012
American,-0.02924967622386417,0.05826341462749904,2012
Appalachian St.,-0.050152781963577975,-0.6908674782836278,2012
Army,-0.10442345692831456,0.5324363497560421,2012
Belmont,0.13956358054649082,0.2528317686342729,2012
Binghamton,0.16128168278573113,0.2622271463631226,2012
Boston College,0.6261228026553305,-0.30537715448643066,2012
Boston U.,-0.07007448300318436,-0.19994210979647908,2012
Bowling Green,0.08877377696698183,0.032759117285190875,2012
Bradley,0.3909818714902639,-0.35531469105673,2012
Brown,0.2826893923879126,-0.4332045668244587,2012
Bryant,-0.19802120397770795,0.741646537460771,2012
Bucknell,0.2745076665146475,0.12069487454306185,2012
Buffalo,0.2883296710868422,0.21892761627589544,2012
Butler,0.15393703437399026,0.19569002514478784,2012
CSU Bakersfield,0.7476747794996226,-0.5759359008223487,2012
CSUN,0.6739383720772697,-0.3748357280796255,2012
Cal Poly,-0.048355145518826935,-0.6378026012257647,2012
Cal St. Fullerton,0.5054757669725614,-0.2050653748397446,2012
California,0.2635539526263709,0.09172734872469902,2012
Campbell,0.3436844264256278,0.3107958712680932,2012
Canisius,-0.32955329540779266,0.3889511863782332,2012
Central Ark.,-0.36795788827291,0.12940850877486576,2012
Central Conn. St.,0.14861528866953966,-0.007973152014155743,2012
Charlotte,0.6263400314236391,-0.635375003697931,2012
Cincinnati,0.3025092149380053,0.14668325115989872,2012
Clemson,0.39810276936859706,-0.0893328082336364,2012
Cleveland St.,0.17130516818751912,0.11889468100744333,2012
Coastal Caro.,0.94418462422539,-0.2431981587626801,2012
Col. of Charleston,0.5062027514727571,0.08100280771475396,2012
Colgate,0.106943073019984,-0.2643629144536149,2012
Columbia,0.13251495922855672,-0.1349271711271184,2012
Cornell,0.3481485372463657,-0.4126231264382561,2012
Creighton,0.6581076048115636,-2.019179874614635,2012
Dartmouth,0.36250846350856303,-0.17907121619555988,2012
Davidson,0.18592861127285454,-0.1881281898902627,2012
Dayton,-0.18555777670106216,0.27192313154758585,2012
DePaul,0.3288405114001269,0.16179180643011182,2012
Delaware,0.5887713451976044,-0.10822666460778148,2012
Denver,0.5317011426762952,0.18593927009489905,2012
Detroit,0.13096803580364685,0.5913095245840926,2012
Drake,0.6913889951249513,0.1638372497387207,2012
Drexel,-0.17386064235961773,-0.13848194706369008,2012
Duke,0.7718634344855407,-0.15347016937915825,2012
Duquesne,0.3636258676886195,0.09314377555505073,2012
East Tenn. St.,0.144347959903035,-0.1001939481048642,2012
Eastern Ill.,0.014796518182262797,0.35754450697436313,2012
Elon,0.4628983211513192,0.0953760004349354,2012
Evansville,0.18245166163599305,0.13913020785781607,2012
FGCU,0.4377335102237752,-0.14252632745161092,2012
FIU,0.15635348977189803,0.22791458000005554,2012
Fairfield,0.5040208873551781,0.07025792479088147,2012
Fairleigh Dickinson,0.2062030778444173,-0.2855650543767647,2012
Fla. Atlantic,-0.26144007578166323,0.20919092716774726,2012
Fordham,0.01991365905195619,-0.4456782643283536,2012
Furman,0.2928366240072513,-0.455352009923186,2012
Ga. Southern,0.5189806534633821,0.4758632577744436,2012
Gardner-Webb,-0.13296924818166245,0.031128299768522494,2012
George Mason,0.7128136991207858,0.036840246812394006,2012
George Washington,0.1071098697304938,0.045273915451672836,2012
Georgetown,0.5755485963238258,-0.34382241404040403,2012
Georgia St.,0.358904357145539,-0.5121227613475979,2012
Gonzaga,-0.07167344689029181,0.1728911133286613,2012
Green Bay,0.37287501768367504,0.02474619437437184,2012
Hartford,0.29873048196657914,0.14372402087164954,2012
Hartwick,0.1673410167105801,0.14412202822043527,2012
Harvard,-0.0864103612829088,0.1432783503465217,2012
High Point,0.2718333545301607,0.008145132282400769,2012
Hofstra,0.4842373429931199,0.21402927886175727,2012
Holy Cross,-0.3810042767071786,0.4550624465542085,2012
Houston Baptist,-0.2868636477008101,0.5629406912648437,2012
Howard,-0.7841454062628599,0.7752463125082065,2012
IPFW,0.2935131741758598,0.5354029092599255,2012
IUPUI,-0.3147289479371093,-0.023770377948251764,2012
Ill.-Chicago,0.2915289186480477,-0.06682426026188787,2012
Indiana,0.7444364042787348,-0.6052193624140163,2012
Iona,0.3895286920234422,-0.13573127812332955,2012
Jacksonville,0.26983043512567073,0.2449293521789886,2012
James Madison,0.6216299540450964,-0.18571399115468706,2012
Kentucky,0.5711723003175874,0.12237321313422515,2012
LIU Brooklyn,0.057299970338282324,0.4470723987634991,2012
La Salle,0.15351404344812564,0.2916173571903931,2012
Lafayette,-0.09069902570251907,-0.8814651957514159,2012
Lehigh,-0.12234341979715747,-1.0178906441470326,2012
Liberty,0.21224888867121056,-0.3102615229334856,2012
Lipscomb,0.07033217520636917,0.40195949702251693,2012
Longwood,0.19323761749168009,-0.06616785465692145,2012
Louisville,0.784407186217692,-0.6999767048936225,2012
Loyola Chicago,-0.2856630028596871,0.08634706790431701,2012
Loyola Maryland,0.11623050410406817,-0.09359689991581603,2012
Loyola Marymount,0.22961299540394464,-0.11600942827429166,2012
Manhattan,-0.798230453493075,0.3122515038466919,2012
Marist,0.2143925527520934,0.1681170764916718,2012
Marquette,0.4391031127686877,-0.11816576513057572,2012
Marshall,0.4014926804116862,-0.11501777028583347,2012
Maryland,1.003620896740412,-0.3682187170259654,2012
Massachusetts,-0.8247197638659243,0.09222699651330793,2012
Memphis,0.6786995683299223,-0.09483072600849657,2012
Mercer,0.008339803483092711,-0.040691214057268436,2012
Michigan,0.21394673216534751,0.13681140616336726,2012
Michigan St.,0.12799726756907354,-0.41156747231024415,2012
Milwaukee,0.3700977861787052,0.393821600960108,2012
Missouri St.,0.29995844924396503,-0.5095603139675913,2012
Monmouth,0.07280546014628775,-0.6638946415237058,2012
Mt. St. Mary's,0.1872792016651214,-0.026333078807009275,2012
NJIT,-0.34012389711955404,0.5702154910179035,2012
Navy,0.1779189963123628,0.25860138281402684,2012
New Hampshire,-0.08653088883426685,0.05687432538961192,2012
New Mexico,0.8382397370221182,-1.1688497048001818,2012
Niagara,0.2102266504746502,-0.3094169599632578,2012
North Carolina,0.910067247734616,-0.8501588198802139,2012
North Carolina St.,0.006722854455505023,-0.04954986596689308,2012
North Florida,-1.109137987270174,0.6998750906566311,2012
Northeastern,0.354143571491608,-0.2774661809410452,2012
Northern Ill.,0.3433126939216482,-0.7090457149618465,2012
Northwestern,0.4240429626515373,-0.33704453066393325,2012
Notre Dame,0.4820824690190401,-0.4715322391287308,2012
Oakland,-0.09466474473446812,0.12553979400992493,2012
Ohio St.,0.4623091733862261,-0.18132370782099072,2012
Old Dominion,0.9936038148845681,-0.09815918118635067,2012
Omaha,-0.9421662148234324,0.6488666368496829,2012
Oral Roberts,0.4187320177407977,0.785619308792723,2012
Oregon St.,0.25002463643118505,0.17881993543687555,2012
Penn,0.5144398260024671,-0.030442362122408362,2012
Penn St.,-0.12375437739694893,-0.8186983443831422,2012
Pittsburgh,-0.2847306603912335,0.3085981041329812,2012
Portland,0.5947796848694781,0.034541344548988495,2012
Presbyterian,-0.23538587968795646,0.6983298046504647,2012
Princeton,0.7302972965911951,0.34821549814811203,2012
Providence,0.4453503452435504,-0.15603459934115405,2012
Quinnipiac,0.18132253949792845,0.4970455163218389,2012
Radford,0.4186697912857222,-0.05522081298142889,2012
Rhode Island,-0.03761833053483904,0.2737751164388572,2012
Richmond,0.2682383169127155,0.7693640842358365,2012
Rider,-0.4936388605156154,0.2620291526515273,2012
Robert Morris,-0.2720052354902819,0.2301553126176056,2012
Rutgers,0.561025233193823,-0.06555662594764321,2012
SIUE,0.16330666199653246,-0.1336616894781143,2012
SMU,0.6453661149618934,-0.2414049215956773,2012
Sacramento St.,0.3376076796727072,0.0415307432909522,2012
Sacred Heart,-0.05433023723521169,-0.4049739204484524,2012
Saint Francis (PA),0.03268381285552674,-0.4015985438338908,2012
Saint Joseph's,-0.6086217310028618,0.7509913952035806,2012
Saint Louis,0.3205469519986461,0.14099509957832082,2012
Saint Peter's,-0.15649226026038598,0.651291413869828,2012
San Diego,0.21430420758096355,-0.1857364239327875,2012
San Diego St.,0.3909554982629539,0.028863519704435375,2012
San Francisco,0.2443105963093285,-0.14880087554408547,2012
San Jose St.,0.2513307122274148,-0.17091120833733967,2012
Santa Clara,0.36738511254324624,-0.3712729452760132,2012
Seattle,0.23111880013347635,0.14717177695477746,2012
Seton Hall,-0.052855728791727175,0.5217846440302331,2012
Siena,-0.2745588493860891,-0.20763776025203007,2012
South Carolina,0.5437783730056265,0.0257689722857026,2012
South Fla.,0.7400607296934271,-0.5366391139653688,2012
St. Bonaventure,-0.4024357774905813,0.4721273676705229,2012
St. Francis (NY),-0.06799330145879834,-0.22641765349315235,2012
St. John's (NY),0.5744084776332323,-0.5540997694723738,2012
St. Mary's (CA),0.3255795269136349,-0.5368268897093611,2012
Stanford,0.2305102116578163,-0.06622492749203257,2012
Stetson,0.5002781940962141,0.43936920681412905,2012
Stony Brook,0.4017809706190668,0.04178081174120722,2012
Syracuse,0.32130457579054816,0.2420149836745243,2012
Temple,-0.04338358349712565,0.26017823580526594,2012
Towson,0.32515236800504616,0.24332486514342686,2012
Tulsa,0.39785964710222255,0.20900361285174548,2012
UAB,0.4510411671626591,-0.3818668798045067,2012
UC Davis,0.20176452497361202,-0.39877232570941656,2012
UC Irvine,0.7751327987365825,-0.4315124735775228,2012
UC Riverside,0.5227785240830131,0.06760224563542229,2012
UC Santa Barbara,1.0577745519329622,-0.08845113650191927,2012
UCF,0.5280955342343413,-0.3192253095180901,2012
UCLA,0.72668303279434,-0.6545135656858667,2012
UConn,0.5987614157776825,-1.2995534610234842,2012
UMBC,-0.04093750043525693,0.03739536806027438,2012
UMKC,0.025264056658258927,0.389406375760948,2012
UNC Asheville,-0.07631227861132528,0.2356469450209085,2012
UNCG,0.3513545582279975,-0.3864743101125927,2012
UNCW,0.18612379942538965,-0.011021058336028742,2012
UNLV,0.2761452712300057,0.34993654391601964,2012
USC Upstate,-0.3452061609416128,0.19043781676267232,2012
VCU,0.4989127141897956,-0.2524849453718728,2012
VMI,-0.4069218713263675,0.669588345789176,2012
Valparaiso,-0.3025456442690427,-0.5120136875915452,2012
Vermont,0.2536201626219764,0.010056453352656314,2012
Villanova,0.17625841966539094,-0.4491913143369671,2012
Virginia,0.6170320196517067,-0.1433974284061124,2012
Virginia Tech,-0.2707122734138577,-0.08652447238634428,2012
Wake Forest,0.3698326973955711,-0.1375607034028698,2012
Washington,0.4587596898583083,-0.5789665323305947,2012
West Virginia,0.3362876984274428,-0.4003050838089332,2012
Western Ill.,0.13485399077068996,-0.2340806943985591,2012
Western Mich.,0.25696236392772864,0.32764764463525925,2012
William & Mary,0.1548685115877706,-0.281981808385743,2012
Winthrop,-0.16380146655436786,0.6591077770297231,2012
Wisconsin,0.4034025978910603,-0.2738001716671321,2012
Wofford,-0.17820512340276928,0.2450063351860144,2012
Wright St.,0.21390409840686925,-0.16835887654973333,2012
Xavier,0.3105508853127161,-0.33803094844389137,2012
Yale,0.4255288087183658,-0.3791255214409399,2012
Akron,0.8614980865239106,-0.9739542319485991,2014
Albany (NY),0.3913012207041875,-0.3011037776348181,2014
American,0.6122125678612238,-0.4783108572249612,2014
Appalachian St.,0.6027865181787505,-0.1181177823884368,2014
Army,0.4783000195900649,-0.9189114370314442,2014
Belmont,0.130173372505508,-0.29150569573862084,2014
Binghamton,0.08411155685832111,-0.31682262887818546,2014
Boston College,1.0875287395695423,-0.4208082325963631,2014
Boston U.,0.4854460695180562,-0.3989632233049044,2014
Bowling Green,0.3435057385628801,-0.5637600640120667,2014
Bradley,0.7893188886775258,-0.3607975832026656,2014
Brown,0.6808884973757924,-0.4889794863993172,2014
Bryant,0.4972519046399288,-0.0067759365970739,2014
Bucknell,0.7187556236950918,-0.7571013091643324,2014
Buffalo,-0.0706777685540407,-0.00782129924843248,2014
Butler,0.8772118272132412,-0.4123676584390203,2014
CSU Bakersfield,0.6219876250727739,0.08007873273031582,2014
CSUN,1.0938190518966413,-0.6982708971276991,2014
Cal Poly,1.228310887006491,-0.19762957076784032,2014
Cal St. Fullerton,0.7201984702307711,-0.1991929296439948,2014
California,1.2420172897913129,-0.8890645429579891,2014
Campbell,0.4351159748926599,0.03947662809960518,2014
Canisius,0.3679298616823854,0.0864121483289822,2014
Central Ark.,0.1985276014890583,0.08333048310804883,2014
Central Conn. St.,0.3247610563110281,-0.24012961444937125,2014
Charlotte,1.0157265432960672,-1.0971998331812784,2014
Cincinnati,0.18891368457844807,-0.02959024417319965,2014
Clemson,0.8874973875705684,-0.9302846617113556,2014
Cleveland St.,0.4479167030586922,-0.0931353521106736,2014
Coastal Caro.,0.9783329672790376,-0.819586877130802,2014
Col. of Charleston,0.07117669165100204,-0.4848720790169836,2014
Colgate,0.16873421851123915,-0.13370223099089745,2014
Columbia,0.6676710003698536,-0.0939819655552862,2014
Cornell,0.2066767199680914,-0.8480842645947994,2014
Creighton,0.9588116384851688,-0.71657454196924,2014
Dartmouth,0.4536760217609537,-0.3246264042249778,2014
Davidson,0.6303521679678012,-0.19282284738992636,2014
Dayton,0.7661172850107696,-0.6133164481388313,2014
DePaul,0.57121575331231,-0.03380308260606089,2014
Delaware,1.0579998564404671,-0.33432211553333324,2014
Denver,0.7265150417646922,-0.8608265044496768,2014
Detroit,0.17777636467190527,0.06567678714299817,2014
Drake,0.5728013896722803,-0.18251600769742987,2014
Drexel,0.5597431711916366,-0.4632541200624297,2014
Duke,0.8646528189106297,-0.9157155521272358,2014
Duquesne,0.5733271793545296,-0.3621928490530186,2014
East Tenn. St.,0.3675683829920545,-0.6417170092755333,2014
Eastern Ill.,0.2182513720315163,0.6118695889948492,2014
Elon,0.8213328489484193,-0.6027702876267769,2014
Evansville,0.8218021516290012,0.051661279827615515,2014
FGCU,0.6787422239638665,-0.06817231855107561,2014
FIU,0.8638927279140631,-0.34913624591780995,2014
Fairfield,0.6367034916529949,0.14570566016936634,2014
Fairleigh Dickinson,0.4121115657610207,-0.2835294863401588,2014
Fla. Atlantic,0.5772245002207004,0.16519036960290548,2014
Fordham,-0.15933508294390894,-0.25409110478712743,2014
Furman,0.7843954166888316,-0.8748956891926863,2014
Ga. Southern,0.4387509449331695,-0.18146447071081906,2014
Gardner-Webb,0.6781350480838129,-0.2748694464313014,2014
George Mason,0.4447709617050635,-0.9360859531355732,2014
George Washington,0.22683277287484446,-0.1301028845084673,2014
Georgetown,1.096216849650528,-1.5410704312631358,2014
Georgia St.,0.6669775724352132,-0.17899512022351186,2014
Gonzaga,0.7836241645147894,-0.8787273023306192,2014
Grand Canyon,0.1528508106954079,0.2477743937111848,2014
Green Bay,0.6506719134932157,0.18127321600062596,2014
Hartford,0.6089705901790743,-0.5955902181221089,2014
Hartwick,0.2232395461545945,-0.4748269778090824,2014
Harvard,0.5279645532790094,-0.22024025308855827,2014
High Point,0.8497407448853803,0.011472441226508298,2014
Hofstra,0.9837185820162936,-0.2734594651947986,2014
Holy Cross,0.6141286735308812,-0.22493052663321955,2014
Houston Baptist,0.7161233585767343,0.29372508947580345,2014
Howard,-0.5626181739380528,0.7907037587968709,2014
IPFW,-0.10399681121166084,0.8343213336018023,2014
IUPUI,-0.44869618244116016,0.33079576882496897,2014
Ill.-Chicago,0.6168648897240097,-0.672257982242999,2014
Indiana,1.0738632365548864,-0.28944453014981897,2014
Iona,0.6082007953365018,-0.4499859345736119,2014
Jacksonville,0.11013464902200824,0.13840535432579112,2014
James Madison,0.6364893858070904,-0.2546531251050567,2014
Kentucky,0.5124795015680549,-0.5030042199992943,2014
LIU Brooklyn,-0.3811822074852664,-0.08062396256452896,2014
La Salle,0.7748575979878382,-0.014933047923768582,2014
Lafayette,-0.2063048007821656,-0.6555483857805856,2014
Lehigh,-0.8694956518714205,-0.02985669794977295,2014
Liberty,0.3843964293281357,-0.3415177728781937,2014
Lipscomb,0.14000721158539592,-0.3456076109744369,2014
Longwood,0.20654228005896025,-0.04254728573596897,2014
Louisville,0.9320864080071922,-0.976668538215764,2014
Loyola Chicago,0.13178726073374422,0.1599271318071869,2014
Loyola Maryland,0.5850907257818265,-0.17717603211631427,2014
Loyola Marymount,1.055908686046693,-0.7596370808132841,2014
Manhattan,0.3028999487501391,0.0363833932044734,2014
Marist,0.034553943326506666,0.3171806576782459,2014
Marquette,0.8626607319353807,-0.8499939731218673,2014
Marshall,-0.19207244975042456,-0.11654712143692787,2014
Maryland,1.436612414990069,-0.8211562454218242,2014
Massachusetts,0.1833134860240795,-0.029770812585516237,2014
Memphis,0.6611014395083521,-0.3645166476997276,2014
Mercer,0.04829326481597046,-0.0460012351778387,2014
Michigan,0.7042003281528677,-0.4887038662376651,2014
Michigan St.,1.0058572068820764,-1.082498722321272,2014
Milwaukee,0.8666959908126011,-0.9115882919255384,2014
Missouri St.,0.12333513633304558,-1.0857916355618775,2014
Monmouth,-0.0208800442231925,-0.719725136836056,2014
NJIT,0.3411906443836624,-0.1441738496489698,2014
Navy,0.9203457160208836,-0.9156717505908064,2014
New Hampshire,0.3954425626166129,-0.9704873312168856,2014
New Mexico,1.0706525260324051,-0.9330571123100988,2014
Niagara,-0.1888174467373547,-0.062304529454436174,2014
North Carolina,0.6030397045777135,-1.3399225046800485,2014
North Carolina St.,1.039366196740653,-0.6034718557442851,2014
North Florida,0.35417267538275204,-0.17658968714544118,2014
Northeastern,0.3668899816023564,-0.632754048943247,2014
Northern Ill.,0.3366648660582521,-0.13536292256541574,2014
Northern Ky.,0.19483145598023,-0.11745213187879955,2014
Northwestern,0.8506213516761977,-0.6244745740023558,2014
Notre Dame,1.3827865408083737,-1.2976282422554757,2014
Oakland,0.4975483376598974,-0.07943024464649626,2014
Ohio St.,0.13805906563545572,-0.7151609020727802,2014
Old Dominion,1.0473979513593208,-0.41774964817229343,2014
Omaha,0.2090206296711843,-6.380556429502748e-05,2014
Oral Roberts,0.0037188459184795686,-0.06813516561346028,2014
Oregon St.,0.4932486708803704,-0.7242206448883458,2014
Penn,0.8473020073331365,-0.3023402071221961,2014
Penn St.,0.7195086373549399,-0.9306629736071388,2014
Pittsburgh,0.2441966068141084,-0.446900984864642,2014
Portland,1.0783327433785677,-0.1669235284614322,2014
Presbyterian,0.09487595094912192,0.6564461056888784,2014
Princeton,0.6267499479666558,-0.1849756660542134,2014
Providence,0.9076781488362275,-0.5914858342836924,2014
Quinnipiac,0.2169030328683741,-0.7304771344641415,2014
Radford,0.4383156776763839,-0.4164970756336617,2014
Rhode Island,-0.0697897553000893,0.311454804653578,2014
Rider,0.2497769964187185,-0.060305332294232225,2014
Robert Morris,0.7315243513054025,0.02085692121982004,2014
Rutgers,0.7517329323285731,-0.4360391924923948,2014
SIUE,0.019164357652600425,-0.6467724071831011,2014
SMU,0.3510991723328313,-0.18585933434290505,2014
Sacramento St.,-0.031011340005080424,-0.3216050339553728,2014
Sacred Heart,0.04405715224024495,0.3331991892045835,2014
Saint Francis (PA),0.3407713363450225,-0.8005689657785442,2014
Saint Joseph's,0.26127492424065435,-0.1320722343865494,2014
Saint Louis,1.008541309285225,-0.6069268682752333,2014
Saint Peter's,-0.13798639183589584,-0.12486789775746272,2014
San Diego,0.8307602855603621,-0.3063673801262061,2014
San Diego St.,1.1049997442537192,-0.2517713673236409,2014
San Francisco,0.28358232559562796,-0.6329281294294069,2014
San Jose St.,0.01751102170624821,0.04177709516433256,2014
Santa Clara,0.6124099485405761,-0.6156902442226447,2014
Seattle,0.7807590666414865,-0.2670069915193769,2014
Seton Hall,0.8603059831178765,0.15961148321436086,2014
Siena,0.6136853102136166,0.2509170521341283,2014
South Carolina,0.6840505752922563,-0.5045593677601953,2014
South Fla.,0.5934785835483779,-0.8604958894182955,2014
St. Bonaventure,0.6224580046678165,0.04708631861120418,2014
St. Francis Brooklyn,0.6922558732445412,-0.5798370814835165,2014
St. John's (NY),0.7057106021422499,-1.0010475864096609,2014
St. Mary's (CA),0.6253282661310449,-0.4587583391329276,2014
Stanford,0.8572303558775594,-0.7766070826801605,2014
Stetson,-0.0959093324693998,0.2246878529370517,2014
Stony Brook,0.24525696720963264,-0.1487663629733103,2014
Syracuse,1.0701451102700104,-0.7391651097953988,2014
Temple,0.5583550052072126,-0.9038952788150566,2014
Tulsa,1.1263034101351637,-0.781784885000087,2014
UAB,1.2891479047781709,-0.4526071535046768,2014
UC Davis,0.4563940177285034,-0.788787837675197,2014
UC Irvine,0.8515480575379241,-1.0055914862755233,2014
UC Riverside,0.5092404200807011,-0.4628165562086367,2014
UC Santa Barbara,0.941392983031383,-0.8317787406458994,2014
UCF,0.5973819289149698,-0.6188468500839203,2014
UCLA,1.3165430893719994,-0.7898093161694411,2014
UConn,0.9803929958793598,-1.0592823438382932,2014
UMBC,1.074524958665948,-0.776638601057148,2014
UMKC,0.06905152934066736,-0.005128652682289781,2014
UMass Lowell,0.3307279845220057,0.3985852171005714,2014
UNC Asheville,-0.5342675206449303,0.3004073327061959,2014
UNCG,0.5769213915895224,-0.2567039717927524,2014
UNCW,0.7109829901859475,-0.17774341641854344,2014
UNLV,0.6623282470354246,-0.10706346406358258,2014
USC Upstate,0.011976924390764587,0.4680998809459838,2014
VCU,0.7730574953437572,-0.5812505135620103,2014
VMI,0.023198994866242783,0.5662071101271551,2014
Valparaiso,0.15236642096809966,-0.3841932055425629,2014
Vermont,0.4889251503234802,-0.2617450233376825,2014
Villanova,0.588319757211924,-0.4811051304191781,2014
Virginia,1.4115581731314533,-0.9393678201063068,2014
Virginia Tech,0.5531692403595414,-0.566552714859707,2014
Wake Forest,1.4114238889595685,-0.7318628344390845,2014
Washington,1.252894515208412,-1.1285576338098409,2014
West Virginia,0.7769811106326608,-0.26626702826775195,2014
Western Ill.,0.4566290142692738,-0.030357390716923314,2014
Western Mich.,0.6315030529329584,-0.0678177032415721,2014
William & Mary,1.0098065651839776,-0.634464353301339,2014
Winthrop,0.7466195732276514,-0.3104058195404007,2014
Wisconsin,0.9109868840600954,-0.42943691301289816,2014
Wofford,1.0115528100699036,-0.20351360867636173,2014
Wright St.,0.5244413842775504,-0.060591802362171564,2014
Xavier,0.8554317684467904,-0.6665403344268743,2014
Yale,0.5422142331386313,-0.0407642278521064,2014
Akron,0.5393553464680237,-0.6740493072383347,2015
Albany (NY),-0.04164657433354132,0.0601456543374726,2015
American,0.11234512758185444,-0.4287236075605328,2015
Appalachian St.,-0.35814479765159424,0.25111238945232994,2015
Army,-0.3123325238899622,-0.30881461321251946,2015
Belmont,-0.8608308947324184,0.4706959159242109,2015
Binghamton,-0.3900797488040013,-0.12054323516578687,2015
Boston College,0.2913090129088688,-0.331419515513959,2015
Boston U.,0.22177688726320444,-0.4815946974223552,2015
Bowling Green,0.12783365590105206,-0.3229534781515322,2015
Bradley,0.12711471963951296,0.2277322107844701,2015
Brown,-0.2221840090651645,-0.2858858809078766,2015
Bryant,-0.015805801663764267,0.1456185295391409,2015
Bucknell,0.184530571235901,-0.2962933981611579,2015
Buffalo,-0.061514200203522135,0.4424579088567759,2015
Butler,0.08561700456518283,-0.4522687419339836,2015
CSU Bakersfield,0.3422762949795976,-0.045702899244145063,2015
CSUN,0.008026768457208759,-0.5056392685176165,2015
Cal Poly,0.1928454344322226,-0.09461123855908624,2015
Cal St. Fullerton,0.4072283519263613,-0.2753539403335624,2015
California,1.0671836410818052,0.02281761745843069,2015
Campbell,-0.26285901505115583,0.4216185678422042,2015
Canisius,-0.10103026494633548,-0.22112911306218647,2015
Central Ark.,-0.3923720929619524,0.4136692454162068,2015
Central Conn. St.,-0.30398154261131866,0.3656196631610664,2015
Charlotte,0.6830549107860029,-0.5345701205598822,2015
Cincinnati,0.14517123618690253,0.2112375176549741,2015
Clemson,0.6309585109458662,-0.6740706740392644,2015
Cleveland St.,-0.2382840937553684,0.2883808075551825,2015
Coastal Caro.,0.4362016121214832,-0.4814109152938324,2015
Col. of Charleston,-0.20378312100967624,0.1080852720485078,2015
Colgate,0.011739351679988935,0.2368937331841686,2015
Columbia,-0.12154682316659328,-0.2114562516625142,2015
Cornell,-0.26327242280691804,-0.7763309089968572,2015
Creighton,0.4248439268795848,-1.1542632152456602,2015
Dartmouth,0.5464517755812752,-0.2854585394264224,2015
Davidson,0.21574026055775164,-0.5635048025525109,2015
Dayton,0.4399685308846331,-0.3605036644931079,2015
DePaul,0.04135588436319283,0.07779365591646055,2015
Delaware,0.4145744815784117,-0.1944744484750895,2015
Denver,0.3531109909074457,0.028372887211287605,2015
Detroit,-0.231233299616282,-0.32253027383411753,2015
Drake,-0.2136830004242629,0.31498282154922275,2015
Drexel,-0.3296218129989672,0.004035730748151446,2015
Duke,0.5167620339040799,0.09711084596769656,2015
Duquesne,0.39101271179608205,-0.1140938917826516,2015
East Tenn. St.,0.06929827698975934,0.3098551180991641,2015
Eastern Ill.,-0.5982492090675925,0.4636669762450424,2015
Elon,0.010919859821593615,-0.5089957244560238,2015
Evansville,0.18052680313566544,0.20964690815075,2015
FGCU,-0.3036598442421933,-0.6478859592158532,2015
FIU,0.3066448158595056,0.1590399521955009,2015
Fairfield,-0.562010850249111,-0.6022299861009324,2015
Fairleigh Dickinson,-0.34077857456130217,0.5141735391702299,2015
Fla. Atlantic,-0.2156582351246752,0.4831846357387346,2015
Fordham,-0.15311608667211388,-0.3134753051392024,2015
Furman,-0.17393375885305015,-0.7655170058594133,2015
Ga. Southern,-0.08524961205825687,0.4948361980609386,2015
Gardner-Webb,-0.4298917405346223,0.6561872095622302,2015
George Mason,0.23398340754138175,-0.4906145164111744,2015
George Washington,-0.27178494594937497,0.3645686546614769,2015
Georgetown,0.4615250141518224,-1.0038898067082371,2015
Georgia St.,-0.2806076596962487,0.23958740109685345,2015
Gonzaga,-0.2849637055587845,-0.029520428203618942,2015
Grand Canyon,-0.3012810596246558,0.2848399412884805,2015
Green Bay,-0.22203480469698875,0.3835904498892137,2015
Hartford,0.004719450979414328,-0.2391438758996117,2015
Hartwick,-0.21175798621012695,0.17963199063799526,2015
Harvard,0.4060798095768764,-0.20194558120563688,2015
High Point,-0.047978692910249504,0.055858994988235024,2015
Hofstra,0.14654334845211414,-0.2461575139392756,2015
Holy Cross,0.32002008210564153,0.2132705384715965,2015
Houston Baptist,0.02950849788215138,0.6058708162285279,2015
Howard,-0.9652423581939336,1.0309651374387585,2015
IPFW,-0.6045840769015889,0.20193839825787974,2015
IUPUI,-0.06871935486863222,0.3522391395273596,2015
Ill.-Chicago,0.15396702085527392,-0.07069108864482171,2015
Incarnate Word,0.10143434123385192,0.11823463229107326,2015
Indiana,0.7134256688699121,-0.5479890454289401,2015
Iona,0.3004795885319244,0.13741760954192692,2015
Jacksonville,-0.5131562536221763,0.35345665198052445,2015
James Madison,0.08487524910936442,-0.12644602336813102,2015
Kentucky,0.12816731773428022,-0.7520361870324299,2015
LIU Brooklyn,-0.09543981446175367,0.5488460910186245,2015
La Salle,-0.19353150639739486,0.0796563159074798,2015
Lafayette,-0.2508427569982472,-0.007852608434466501,2015
Lehigh,0.15114900958531025,0.04070374582609888,2015
Liberty,-0.07715889162748324,0.1888663458380856,2015
Lipscomb,0.12596669300407992,0.18987386974801948,2015
Longwood,-0.12100874805676395,0.7593397416996848,2015
Louisville,0.5461381420618303,-0.5939645980060421,2015
Loyola Chicago,-0.07573316021957825,-0.4255968273562841,2015
Loyola Maryland,-0.600557169642234,-0.16426236658727972,2015
Loyola Marymount,0.28272628009097633,-0.6840346627519557,2015
Manhattan,-0.4383462701858729,0.18071484368242305,2015
Marist,-0.040372381046092816,0.24628215426557284,2015
Marquette,0.3262490628062283,-0.7572602685216435,2015
Marshall,-0.5748374891830397,0.08437217781172399,2015
Maryland,0.5607836938725218,-0.6032289035291158,2015
Massachusetts,-0.09460881964787568,0.6344550248920776,2015
Memphis,0.2795083100352408,-0.09251856551844284,2015
Mercer,0.04192467506858967,-0.1876288358868864,2015
Michigan,0.20782879703874946,-0.2757461918253639,2015
Michigan St.,0.38857547709581,-0.7752055269195575,2015
Milwaukee,-0.21068693608578515,0.14975259309492694,2015
Missouri St.,-0.3209788517062067,-0.8697208075761806,2015
Monmouth,0.04216852055436773,-0.9146860809175764,2015
NJIT,-0.2433920503811037,0.1899083274971567,2015
Navy,0.18977726265181408,-0.5792003965457518,2015
New Hampshire,-0.6547642643469097,-0.09753734431929532,2015
New Mexico,0.5932703573279898,-0.531706873205124,2015
Niagara,-0.4909758496124069,0.441666315664647,2015
North Carolina,0.8680289902936251,-0.6279965536952445,2015
North Carolina St.,0.30633657943057896,-0.17754869462218847,2015
North Florida,0.2925516203587776,0.3886773887183629,2015
Northeastern,-0.0728897240902758,-0.0355881428731914,2015
Northern Ill.,-0.03551210047852344,0.05354009771900459,2015
Northern Ky.,-0.5515061369208925,0.3420969609484652,2015
Northwestern,0.21496167360175086,-0.9998485758777992,2015
Notre Dame,0.8538233625939851,-0.7064939957869423,2015
Oakland,0.1443436520542901,-0.2578133780490478,2015
Ohio St.,0.4795295086704304,-0.5601403264187007,2015
Old Dominion,0.30049124286310275,-0.34552242002920674,2015
Omaha,0.06801499724021189,-0.396009077924066,2015
Oral Roberts,0.12560028345292826,0.31375011588614465,2015
Oregon St.,0.38863540052181655,-0.6528936371861296,2015
Pacific,-0.14282581758906454,0.7121794164879179,2015
Penn,0.23540887962721385,0.2351824390075341,2015
Penn St.,0.3510564393161753,-0.5597651749377761,2015
Pittsburgh,-0.6103901482013419,0.030263107385600563,2015
Portland,0.03931037787157915,0.060782069779229675,2015
Presbyterian,-1.2584723841662864,0.9971009536235992,2015
Princeton,0.6279266191167682,0.1003418823723994,2015
Providence,0.8355790796554871,-0.3613414826866164,2015
Quinnipiac,0.17073760856507578,-0.35820390972485616,2015
Radford,0.11565679498795865,-0.4517176774313935,2015
Rhode Island,0.06863796476986693,-0.4420502275579022,2015
Rider,0.5061046533667273,0.2180380032315532,2015
Robert Morris,-0.13439687494187202,0.27979105732904674,2015
Rutgers,0.21631196740374806,0.17014325730684976,2015
SIUE,0.2192064472778749,-0.3036251306929819,2015
SMU,0.4666079583111811,-0.2937150431123323,2015
Sacramento St.,-0.192334568776554,0.31010645942317555,2015
Sacred Heart,-0.7828340894347777,0.6433198718115732,2015
Saint Francis (PA),-0.050542308749598655,-0.1622904701631259,2015
Saint Joseph's,-0.4083186614498263,0.12139910831980068,2015
Saint Louis,0.417933214070175,-0.4812132234380944,2015
Saint Peter's,-0.2484673138899073,0.38204483308147097,2015
San Diego,0.3754846597287645,-0.4160885052051541,2015
San Diego St.,0.046213441424003236,-0.29509036948003264,2015
San Francisco,0.39880723624946707,-0.25595937952375203,2015
San Jose St.,0.08999425622739064,0.14932411087318934,2015
Santa Clara,0.061374798756748776,-0.14335353433383813,2015
Seattle,0.3283395895165861,-0.1416982023901033,2015
Seton Hall,0.3846752206982714,0.025629629582229668,2015
Siena,-0.09923730816163052,0.0004188344777862202,2015
South Carolina,0.3258912724025892,0.08579110312517417,2015
South Fla.,0.3953570980389667,-0.33022753622490464,2015
St. Bonaventure,-1.2162936335598444,0.7201156253740189,2015
St. Francis Brooklyn,-0.18110899190174995,-0.2901080668545777,2015
St. John's (NY),-0.056324504572476085,-0.2857472772016412,2015
St. Mary's (CA),0.21467009390760125,-0.18459678544959954,2015
Stanford,0.6651707768613602,-0.769964189103608,2015
Stetson,0.2436028586660801,0.3694087312564269,2015
Stony Brook,-0.2685634062050267,0.364318627240553,2015
Syracuse,0.6386890128650455,-1.0303084644847833,2015
Temple,-0.4513259761819249,0.3582898018006392,2015
Tulsa,0.4095814494425853,-0.2765066767705435,2015
UAB,0.6088933167827789,-0.2592894923648074,2015
UC Davis,-0.08280236515636981,-0.6199596916941907,2015
UC Irvine,0.3664121498429293,-0.5709032982505635,2015
UC Riverside,0.06503938506662943,-0.22017081128735927,2015
UC Santa Barbara,0.4345228167795349,0.0073188346163888815,2015
UCF,-0.28564711754194155,-0.07360245408154531,2015
UCLA,0.6410753016945453,-0.7301825813659917,2015
UConn,0.2623092105199929,-0.3663833614071721,2015
UMBC,0.2650171328771028,-0.4786932240989655,2015
UMKC,-0.042295398291910084,0.012162343731349471,2015
UMass Lowell,-0.21213424179014467,0.1125548670122033,2015
UNC Asheville,-0.9083010096318096,0.5001566844598926,2015
UNCG,-0.3228417166919241,0.07036490188385723,2015
UNCW,0.3892068576690717,-0.3134171109497553,2015
UNLV,0.4166251650818717,-0.03922934876282928,2015
USC Upstate,-0.2727062740252646,0.7208666080778232,2015
Utah Valley,-0.028266647877021406,-0.5740451910774917,2015
VCU,-0.2312653554487952,-0.8024704655567481,2015
VMI,-1.5637933451879795,0.9598000628463614,2015
Valparaiso,0.06992583140084334,-0.3461326318731185,2015
Vermont,0.002632043433521525,0.15292385224365182,2015
Villanova,0.12630331041846488,-0.5395042545328466,2015
Virginia,0.4135890352550998,-0.931881643597838,2015
Virginia Tech,-0.05994060988200914,-0.27786280048185524,2015
Wake Forest,0.4849796190664017,-0.2460493686444664,2015
Washington,0.7779140328568674,-0.3764472504956008,2015
West Virginia,0.5667322746417034,-0.012237826774488036,2015
Western Ill.,-0.12798869540109434,-0.31255031401843314,2015
Western Mich.,0.2551865407004468,0.029839725836225062,2015
William & Mary,0.07276671941153078,-0.02713715307884501,2015
Winthrop,0.29097694105493777,0.05794953705917673,2015
Wisconsin,0.18639357273931306,0.16006799421405665,2015
Wofford,0.3345957735323236,0.213585125105538,2015
Wright St.,0.3367465975321906,0.20369841643498807,2015
Xavier,0.5571181302288308,-0.6334893462035172,2015
Yale,-1.1494991236874244,0.032676470894577016,2015
Akron,1.0125687408975914,-0.2869412682239621,2016
Albany (NY),0.3147001525047688,-0.02832887876951049,2016
American,0.6042271032678932,-0.33630294542568495,2016
Appalachian St.,-0.2998970840200095,0.13100303718075795,2016
Army West Point,-0.15297555197746715,0.20578702526943188,2016
Belmont,-0.377489184730058,0.5072346236126021,2016
Binghamton,0.006820188005283889,0.03213633478076161,2016
Boston College,0.6350271567814885,-0.1994608959086363,2016
Boston U.,0.4232374222106051,-0.060230665299025286,2016
Bowling Green,0.3173981426726978,0.2490749226238377,2016
Bradley,0.1662489231862751,0.21353261171335952,2016
Brown,0.25254185613211866,-0.2717035391341837,2016
Bryant,0.002672243326284022,0.29366968915462205,2016
Bucknell,0.4050670565991945,0.14392673999942404,2016
Buffalo,0.2885954621409241,0.009269991472683828,2016
Butler,0.6502732551981094,-0.3419620799031031,2016
CSU Bakersfield,0.20925278846748094,0.08452073745486721,2016
CSUN,0.28541026788031104,-0.25784585180876785,2016
Cal Poly,0.4595456331546055,-0.3507105225262865,2016
Cal St. Fullerton,0.3875817377795596,-0.4195189994578364,2016
California,0.7122013481723464,0.06337994028954977,2016
Campbell,0.2449691693573685,0.7524157662127839,2016
Canisius,0.055082042155680515,0.2567056388148584,2016
Central Ark.,-0.41675069435689743,0.8262294968926345,2016
Central Conn. St.,0.0487101774517752,0.5235076147453391,2016
Charlotte,0.5259206390923095,-0.6597818738848279,2016
Cincinnati,0.3140907134341638,0.4024398304509245,2016
Clemson,0.9367026219002303,-0.5490694104029715,2016
Cleveland St.,-0.07034270673849917,0.12065238412175047,2016
Coastal Caro.,0.33326747069661977,-0.6252971027350824,2016
Col. of Charleston,0.18710256550615104,-0.035848689711013064,2016
Colgate,0.2672269103760264,-0.15678109216772376,2016
Columbia,-0.02144698182427256,-0.26402616830137315,2016
Cornell,-0.5816014978428125,0.19631772059507796,2016
Creighton,0.9326810262402444,-0.5528942280941722,2016
Dartmouth,0.3687667716427765,-0.6066193124657778,2016
Davidson,-0.2427786184897153,0.32401939286546394,2016
Dayton,0.8591169674269838,0.14251404488189875,2016
DePaul,0.13860777524412438,0.081590556782112,2016
Delaware,0.4647455669160738,0.030295527405313633,2016
Denver,0.2371052733496343,-1.0162247941133309,2016
Detroit,-0.12837926218902765,0.12974686256936088,2016
Drake,0.3117084431407673,0.013968576827352723,2016
Drexel,-0.5041213301853341,0.4995010951646628,2016
Duke,0.6629518736537757,0.183986252942423,2016
Duquesne,0.07969856697843322,0.23677827042270586,2016
East Tenn. St.,0.31412479331383825,0.07979198353532364,2016
Eastern Ill.,-0.24284145242603786,0.9726823306166256,2016
Elon,0.5508766874356863,-0.15244876391556733,2016
Evansville,0.219281533653147,0.9399582086959508,2016
FGCU,0.4661881304035881,-0.4173002323078452,2016
FIU,0.8890353853724573,-0.06444642446744131,2016
Fairfield,-0.16392723331842146,-0.026372861931370832,2016
Fairleigh Dickinson,-0.06538867192356274,0.6982868150015907,2016
Fla. Atlantic,-0.4950642024892923,0.524182968382519,2016
Fordham,-0.07752019004249623,0.2495140116906981,2016
Furman,-0.057683620864163836,-0.2656815501074895,2016
Ga. Southern,0.30043266735000473,0.5353937617762843,2016
Gardner-Webb,-0.1818615978698596,0.8434945506632505,2016
George Mason,0.0878967397210543,0.13343102603794166,2016
George Washington,-0.07781752309781666,0.27261932482315376,2016
Georgetown,0.7262560307098076,-0.7252817071498869,2016
Georgia St.,0.5287432837747614,0.5758183900168234,2016
Gonzaga,0.043009106430318966,-0.08124576193703904,2016
Grand Canyon,0.35080645838797864,0.5258190981908135,2016
Green Bay,-0.5771827478833362,0.052015979677212776,2016
Hartford,0.209184853533439,0.038464948551972,2016
Hartwick,0.15761782966877502,-0.05729402013238277,2016
Harvard,0.5670280716159954,-0.07845666969625548,2016
High Point,-0.20926495489000752,-0.22228023959618556,2016
Hofstra,0.43985744157345175,-0.14633310902764662,2016
Holy Cross,-0.07888202105390635,-0.4169752691838321,2016
Houston Baptist,0.2561727697439321,0.27029440499543084,2016
Howard,-0.3512388590481917,1.0004681144219367,2016
IPFW,-0.03233268952965865,0.6274510137363644,2016
IUPUI,-0.08156257111352037,0.3978147025148454,2016
Ill.-Chicago,0.2570910533931841,-0.17093173536595208,2016
Incarnate Word,0.4655164008388502,0.3534705343843675,2016
Indiana,0.4151811227800932,-0.6617431089982128,2016
Iona,0.26507986411521944,-0.09862633742093166,2016
Jacksonville,-0.0984510509333794,0.6441913818694801,2016
James Madison,-0.13785770211439932,0.22664649589393104,2016
Kentucky,0.2913643087252861,-0.6454906055991735,2016
LIU Brooklyn,0.03545835689764314,0.02660560003440311,2016
La Salle,-0.17033274072038487,0.5302005665058307,2016
Lafayette,-0.6611169076112049,-0.10529837081892646,2016
Lehigh,0.3939895400092521,0.005405813869462206,2016
Liberty,-0.11250440728744572,0.4025208582744005,2016
Lipscomb,-0.04804942230105878,0.4436103084773446,2016
Longwood,0.17503920210462798,0.5362229721516534,2016
Louisville,0.7638529206353801,-0.03457837236843282,2016
Loyola Chicago,-0.08451240151347242,-0.9484917562230776,2016
Loyola Maryland,-1.0377848509748464,0.5344199798361164,2016
Loyola Marymount,0.3238145566918108,-0.024768315311746072,2016
Manhattan,-0.26925585974134125,0.4245200620204396,2016
Marist,0.1117005304328532,0.5899169405850202,2016
Marquette,0.2224178199385582,0.22795764136575236,2016
Marshall,-0.04988186409255645,-0.09367083403966528,2016
Maryland,0.7824987210262835,-0.5465556791258055,2016
Massachusetts,-0.4677817209387706,0.5176863148536845,2016
Memphis,-0.30683706158021684,0.3136402947988777,2016
Mercer,0.17658471161119346,-0.15217087133589552,2016
Michigan,0.5157889441694521,-0.2746954204460573,2016
Michigan St.,0.17109002902278747,-0.2163751424894218,2016
Milwaukee,-0.21184602107369002,0.00213727402437776,2016
Missouri St.,-0.017344726285364022,0.010904401744023741,2016
Monmouth,0.4086576823879156,-0.014199073778458415,2016
NJIT,-0.39347261160649216,0.3692112749934514,2016
Navy,0.2189758942059884,-0.11966665622291647,2016
New Hampshire,0.37915178324447996,-0.00016681011889442543,2016
New Mexico,0.26876671855271106,-0.3992367759639779,2016
Niagara,-0.42031610865764507,0.7039713344681438,2016
North Carolina,0.7687566106146972,-0.7089838234961132,2016
North Carolina St.,0.4473444333893215,0.049896525368854736,2016
North Florida,0.3784993619836796,0.14596789928629975,2016
Northeastern,-0.15151779872053725,0.011730079333533929,2016
Northern Ill.,0.0505896349903469,0.14461536113859702,2016
Northern Ky.,-0.2000435188049441,0.2274121499101263,2016
Northwestern,0.2932090916250348,0.028146550139817164,2016
Notre Dame,0.7677076017169151,-0.6146703408920804,2016
Oakland,0.2953140092727239,0.01456127739854672,2016
Ohio St.,0.4086428997260317,-0.5315000050260918,2016
Old Dominion,0.5956672715823672,-0.16202398430997528,2016
Omaha,0.2900889695051147,0.08445129718367496,2016
Oral Roberts,0.2707939284624524,0.39418449764770935,2016
Oregon St.,0.2166741218011568,-0.1931062269077685,2016
Pacific,-0.5282992781903191,0.4273210147620751,2016
Penn,-0.2882327535419175,0.3831587313146305,2016
Penn St.,0.3254300307724293,-0.16836694322657636,2016
Pittsburgh,-0.311069356022736,0.18562866442682455,2016
Portland,0.08311476156104464,0.4808506404192645,2016
Presbyterian,-1.3617814336293954,0.9518821467228199,2016
Princeton,0.6042574628506028,0.08740445235900261,2016
Providence,0.6195571708463076,-0.12767444207561612,2016
Quinnipiac,-0.5630475341901157,0.26364132077067576,2016
Radford,0.4975833241673312,-0.17212656023533554,2016
Rhode Island,0.2014177238918841,0.0639150983629379,2016
Rider,0.4574222552649231,0.3364925934674631,2016
Robert Morris,0.04044252436679428,0.2513341718686897,2016
Rutgers,0.7322532410868143,0.06855263610001862,2016
SIUE,0.17636176439133103,-0.5843626243381888,2016
SMU,0.6200851067690633,-0.3200771334216749,2016
Sacramento St.,0.399767158564661,0.20005913953026067,2016
Sacred Heart,-0.5603439930545197,0.8698003048676833,2016
Saint Francis (PA),0.13937173858604307,-0.006760329980596905,2016
Saint Joseph's,-0.26079592638269605,0.6959002215078441,2016
Saint Louis,0.2178061715613157,0.025557879209286413,2016
Saint Peter's,0.044090881025497915,0.3491226977235945,2016
San Diego,0.5828821139657192,-0.03493471472943985,2016
San Diego St.,0.4037216054039904,-0.08470883588178223,2016
San Francisco,0.22411763692405334,0.31479775454464376,2016
San Jose St.,0.2069264466693453,0.007465097876684494,2016
Santa Clara,0.3402382610355717,-0.27388024679870504,2016
Seattle,0.8170488577559166,-0.4977020448789572,2016
Seton Hall,0.032837764838713174,0.6184866083019693,2016
Siena,-0.13942803254323494,0.16211826936371135,2016
South Carolina,0.4457613533542356,-0.07938200753263533,2016
South Fla.,0.413730607096704,-0.39377582578458703,2016
St. Bonaventure,-1.0156859831083462,1.0573761417496446,2016
St. Francis Brooklyn,0.1952699044165276,-0.6925539813925098,2016
St. John's (NY),-0.28924466263553544,-0.002615385907984769,2016
St. Mary's (CA),-0.049488357574839145,0.02478615616653516,2016
Stanford,0.8097275985598729,-0.9249519644855949,2016
Stetson,-0.4208257775375529,0.1367428049355726,2016
Stony Brook,0.07428108395655225,0.22126480052866887,2016
Syracuse,0.7860450293385577,-0.6518527110809129,2016
Temple,0.4078485418663429,-0.003436190632699232,2016
Tex.-Pan American,-0.1848342755954112,0.13267351798329785,2016
Tulsa,0.6164674993927162,-0.10943067043626824,2016
UAB,0.4786068217978886,0.4681036543716967,2016
UC Davis,0.4254775416066632,0.0058316401566098075,2016
UC Irvine,0.3453059799234773,-0.061150984439015114,2016
UC Riverside,0.2882330514185863,0.1280698097431544,2016
UC Santa Barbara,0.7877186434101879,-0.1612831950565335,2016
UCF,0.32372935442460404,0.10828937561210754,2016
UCLA,1.1260928043104521,-0.03039688825775275,2016
UConn,0.2478910964566757,-0.5491402521853967,2016
UMBC,0.10353406655471847,-0.06392218386320256,2016
UMKC,0.11848374432580135,0.4936489724943332,2016
UMass Lowell,-0.15484413141612827,-0.053053081092641015,2016
UNC Asheville,-0.11190382042448233,0.5787103708265249,2016
UNCG,0.5502879666175889,-0.12107923255965287,2016
UNCW,0.5264631134536766,-0.15171370320928346,2016
UNLV,0.5986287183831714,-0.00905077846311004,2016
USC Upstate,0.26888986938614184,0.829667153127587,2016
Utah Valley,0.4596487614654333,-0.26103246291022464,2016
VCU,-0.0004509700143718837,-0.10317972297112482,2016
VMI,-0.9431948186640462,1.1553942085774205,2016
Valparaiso,0.054283405187808914,-0.2892724899986457,2016
Vermont,0.21365616833494366,0.0893210131470197,2016
Villanova,0.5555272851766084,0.27036313908827514,2016
Virginia,0.3606966918174457,-0.4743571357635951,2016
Virginia Tech,0.2321791082190035,0.03390361187031368,2016
Wake Forest,0.9192952203544726,-1.0048219845902815,2016
Washington,0.062681718645306,-0.8752323213329223,2016
West Virginia,0.6014726277240074,0.23703736236667775,2016
Western Ill.,0.22137098904051744,0.525482777982335,2016
Western Mich.,0.14864061959851255,-0.8056131093986654,2016
William & Mary,0.59303662073453,0.2434551661867661,2016
Winthrop,0.4003303794388053,0.3219246520766953,2016
Wisconsin,0.2454016339979553,0.16918971058140805,2016
Wofford,0.3766293371739599,0.33562366314573616,2016
Wright St.,0.32330504314155784,0.046438473497082015,2016
Xavier,0.3028392116075929,-0.4603699977578262,2016
Yale,-0.322480461332169,0.5537455744396418,2016
Akron,0.2788531280080024,-0.0230352001823525,2017
Albany (NY),0.07262744002658107,-0.07948265703029322,2017
American,-0.11242734739830362,0.07689116864614691,2017
Appalachian St.,-0.8072654866516725,0.22375123151282103,2017
Army West Point,-0.3622450178811956,0.16717357068867672,2017
Belmont,-1.1177837244953612,0.632314930089814,2017
Binghamton,-0.5380349869827116,0.1320436920721212,2017
Boston College,-0.007592996828024314,0.04090663305401514,2017
Boston U.,-0.4057436511085012,0.0368488450588913,2017
Bowling Green,-0.394072139353002,-0.2035468407623054,2017
Bradley,-1.1517891203224628,0.4745694035032627,2017
Brown,-0.4811384841027238,0.05549876824488687,2017
Bryant,-0.7824490529747367,0.5735167247308812,2017
Bucknell,-0.4039134276135356,0.4808208459245412,2017
Buffalo,-0.5851823259281663,-0.08798781129972827,2017
Butler,0.16803893478440468,-0.26433525694461496,2017
CSU Bakersfield,-0.8050518019012183,0.3689614055293867,2017
CSUN,-0.29412619417869257,-0.05398018496813412,2017
Cal Poly,-0.7625789024111405,-0.0954683681640326,2017
Cal St. Fullerton,-0.2810689292908045,-0.0902813954371954,2017
California,0.2402000266561502,0.15251505386542782,2017
Campbell,-0.5901854071502121,0.7782030197356196,2017
Canisius,-0.8544514960873808,0.2268118491464816,2017
Central Ark.,-0.334074380052959,0.3061590688476858,2017
Central Conn. St.,-1.2468269574898607,0.8235421669818502,2017
Charlotte,0.2161192073434104,-0.585554023469207,2017
Cincinnati,-0.2796978201377387,0.20499089744048846,2017
Clemson,0.04136851945663842,-0.6825049024819944,2017
Cleveland St.,-0.7532236521853111,0.09280156226778433,2017
Coastal Caro.,-0.4134418536977004,-0.3750714009510819,2017
Col. of Charleston,-0.4780067081530899,0.19715091266576776,2017
Colgate,-0.2809314168819018,0.1266564507663834,2017
Columbia,-0.2893601926306354,-0.3321813303406688,2017
Cornell,-0.9313648025728734,0.7041440193627895,2017
Creighton,0.17587629962848494,-0.4237719066853291,2017
Dartmouth,-0.37287799345146,-0.5022894271719351,2017
Davidson,-0.5707600979101162,0.6399365359259152,2017
Dayton,-0.658064771704092,0.14625569343751635,2017
DePaul,-0.1491521880267165,-0.14202418314442916,2017
Delaware,-0.07644308543400928,-0.04678016449153119,2017
Denver,-0.21180195371127086,-0.7823831002908335,2017
Detroit,-0.9875153089486542,0.5829699226259736,2017
Drake,-0.3576796918979287,0.592941670221186,2017
Drexel,-1.5344711999558258,0.537466744367879,2017
Duke,-0.27581038767158594,0.01848545885411358,2017
Duquesne,-0.841148366709899,0.2587052529308166,2017
ETSU,-0.3833002923448381,-0.06633811806800337,2017
Eastern Ill.,-0.9763013710465778,0.5355667759196469,2017
Elon,-0.39441294896056195,-0.2092256081733327,2017
Evansville,-0.2507564435097417,0.3387328934201528,2017
FGCU,0.4675883840915103,0.3382253685142769,2017
FIU,-0.20219922096090445,0.08807294799748752,2017
Fairfield,-0.7344163099829698,0.4785456502354432,2017
Fairleigh Dickinson,-1.3198491771819842,0.3717670189707957,2017
Fla. Atlantic,-0.7756362161930273,0.3185042695462993,2017
Fordham,-0.3380764395186039,0.01613752192809742,2017
Fort Wayne,-0.27875566015958203,0.8908804807300279,2017
Furman,-0.6634731141285954,0.285688852132895,2017
Ga. Southern,-0.3314060485812373,0.3038157313032497,2017
Gardner-Webb,-0.5425545331322964,0.7585484969321372,2017
George Mason,-0.9993685989481479,0.7149955933542478,2017
George Washington,-0.677719657250454,-0.33210410484882946,2017
Georgetown,-0.3770196857041826,-0.13098112281463584,2017
Georgia St.,-0.0655912548797275,0.1477094518335136,2017
Gonzaga,-0.18996831512998386,0.26568969771797085,2017
Grand Canyon,-0.31362853829174026,0.14976148181823054,2017
Green Bay,-1.3953486425533943,0.431395256840194,2017
Hartford,-0.5991249950777291,0.02654641079299165,2017
Hartwick,-0.4937969538672901,0.1597801226562609,2017
Harvard,0.024448650101639383,-0.08766785463999993,2017
High Point,-0.18701525397466884,0.17972967134705656,2017
Hofstra,-0.027393145491295068,-0.008159395172171208,2017
Holy Cross,-0.3923689359128988,0.4977079383117087,2017
Houston Baptist,-0.8303650347349287,0.5200390476499176,2017
Howard,-1.7546787237661592,0.8359652809561652,2017
IUPUI,-1.380733511190725,0.8533054265774307,2017
Ill.-Chicago,-0.4569134577574913,0.5483782200794294,2017
Incarnate Word,-0.5695935632320072,0.41373677544068266,2017
Indiana,-0.16062056733755126,-0.6036088809388989,2017
Iona,-0.6144039661425785,0.6488376104248623,2017
Jacksonville,-0.6713761790328239,0.05106718196067176,2017
James Madison,-0.7866350383198599,0.1505436473181198,2017
Kentucky,-0.051415260121729416,-0.3612287928725818,2017
LIU Brooklyn,-0.13326970939999985,0.4888969286075258,2017
La Salle,-0.5745813813111642,0.32807411391149044,2017
Lafayette,-0.8865167156592579,0.04054237796101588,2017
Lehigh,-0.644524956771575,0.3801132779075155,2017
Liberty,-0.3514646939665515,0.6636091087596407,2017
Lipscomb,-0.19938773510704905,0.03240370548518884,2017
Longwood,-0.4358847251301916,0.5019615068088759,2017
Louisville,0.2416784920308089,-0.6804024844955823,2017
Loyola Chicago,-0.08747631589952441,-0.6598234427670912,2017
Loyola Maryland,-0.3521050917762781,0.3835500317764205,2017
Loyola Marymount,-0.2497976437157893,-0.2009827035150572,2017
Manhattan,-1.484360940258041,0.7922292112991587,2017
Marist,-0.2308160739726865,0.4306421841625548,2017
Marquette,-0.026034615787164525,0.2093241126481792,2017
Marshall,-0.7863923069664531,0.28500002038338634,2017
Maryland,0.469791288319895,-0.033626252803623,2017
Massachusetts,-0.7057391621262499,0.2008828281929403,2017
Memphis,-0.18959286116787505,0.3174116617991541,2017
Mercer,-0.4632580342876018,-0.07452991922259572,2017
Michigan,-0.4636402542866697,0.10880679993616617,2017
Michigan St.,-0.27580561715781204,-0.44359149822874494,2017
Milwaukee,-0.6153875718812221,0.4239949685860023,2017
Missouri St.,-0.7838335472950845,-0.13267855653144173,2017
Monmouth,-0.7007314414386311,0.496991197511255,2017
NJIT,-0.4257900134298411,0.2612286761474385,2017
Navy,-0.8924555391757507,0.14665219561326565,2017
New Hampshire,-0.08673177582676858,0.039025554758261666,2017
New Mexico,0.002158829470768523,-0.32975901503854543,2017
Niagara,-1.2603542666596077,0.3868875446986129,2017
North Carolina,0.13190986896588774,-1.0833850802064786,2017
North Carolina St.,0.01967719204400421,0.42019795119798464,2017
North Florida,-0.028159310564524424,0.0011888472512324375,2017
Northeastern,-0.8128903552751132,0.5691282719369244,2017
Northern Ill.,-1.4261398419191398,0.5648456775201393,2017
Northern Ky.,-1.2878133775197202,0.8040794267335517,2017
Northwestern,-0.6731927261951918,0.10585138284657007,2017
Notre Dame,0.3603905013107061,-0.5178886709583146,2017
Oakland,-0.6255398944282093,0.5287757231940036,2017
Ohio St.,-0.3112989968116031,0.17709699317850153,2017
Old Dominion,-0.4575127470521854,0.42332990615085386,2017
Omaha,-0.27924532243617034,-0.1598551454412493,2017
Oral Roberts,-0.3611917655716928,0.6192736865440976,2017
Oregon St.,-0.133388579805721,-0.13464755557982766,2017
Pacific,-0.03116814912604508,-0.2535518843026697,2017
Penn,-0.1672660207420545,0.4065318882200927,2017
Penn St.,-0.30010710519560696,0.024018841066970588,2017
Pittsburgh,-1.1239350183120405,0.11449694187923845,2017
Portland,0.07398276175542133,-0.2644283820644378,2017
Presbyterian,-0.7618308550678868,0.2257029889673885,2017
Princeton,0.007656684991712764,0.4407883568458649,2017
Providence,-0.10211587372885073,-0.3969473983922436,2017
Quinnipiac,-0.31576840357860264,0.11469559600322085,2017
Radford,-0.4025482257048872,-0.4557549946073581,2017
Rhode Island,-0.5273047115152137,0.4913926297942029,2017
Rider,-0.24190991131235,0.07957169288877589,2017
Robert Morris,-1.0947108644628936,1.0724447126682044,2017
Rutgers,-0.5342524504487779,0.6502612494767679,2017
SIUE,-0.5141241591864012,-0.42622597448640864,2017
SMU,-0.3776350960058701,0.14579749130601324,2017
Sacramento St.,-0.3970345284242113,0.15723587822654844,2017
Sacred Heart,-0.8321250732157065,0.5504425418240322,2017
Saint Francis (PA),-0.598466770052064,-0.1553692910999428,2017
Saint Joseph's,-0.9322290351199746,0.6647038820836791,2017
Saint Louis,-0.5254743997525705,0.13031450591021174,2017
Saint Peter's,-0.6280365491537534,0.8905594809699577,2017
San Diego,-0.042772082540517696,0.33239514340894977,2017
San Diego St.,-0.5567680915650282,-0.784584516416736,2017
San Francisco,0.07952823257031114,0.42589311225975657,2017
San Jose St.,-0.4715363909269261,0.4740227659311734,2017
Santa Clara,-0.9958904384766454,-0.2239943181042285,2017
Seattle U,-0.008721137056288936,-0.19950466226107225,2017
Seton Hall,-0.54218668951117,0.15405573490635502,2017
Siena,-0.43415949563571904,0.5539350993726377,2017
South Carolina,-0.0953105619400706,-0.02159951306776245,2017
South Fla.,-0.3598552074584948,-0.2539332746465521,2017
St. Bonaventure,-1.264628051126531,0.8446221927641692,2017
St. Francis Brooklyn,-0.5978000865130397,-0.2583051435029792,2017
St. John's (NY),-0.7015967966490921,-0.3447171071099808,2017
St. Mary's (CA),-0.10826416218225836,-0.09325320727144326,2017
Stanford,0.2336849240410769,-0.9575942311197796,2017
Stetson,-0.859657647557269,0.4496846270833527,2017
Stony Brook,-0.3618695776609469,0.010906223455201569,2017
Syracuse,0.1933035962048708,-0.8262484030917694,2017
Temple,-0.4788086596856377,-0.18964159915406992,2017
Tulsa,-0.06389931417008764,0.010110466344849134,2017
UAB,-0.6978409239668535,-0.05202504452512044,2017
UC Davis,-0.25236963641788823,-0.024243367311698016,2017
UC Irvine,-0.3446709404961125,0.4113078553079277,2017
UC Riverside,-0.33205045772317776,0.055561215646872365,2017
UC Santa Barbara,-0.1219937121694484,0.09449185051056468,2017
UCF,-0.2497809686622072,0.3621192325339434,2017
UCLA,0.30634284626484803,-0.02671442197013746,2017
UConn,-0.3091867906801204,-0.4587812754203488,2017
UMBC,-0.7193858971324629,0.5596357743819103,2017
UMKC,-1.0650903296572485,0.6312042279754037,2017
UMass Lowell,-0.004919826187116352,-0.3506157857123503,2017
UNC Asheville,-0.6576402729802632,0.8878335185009181,2017
UNCG,-0.1998064526251018,0.4275084248171661,2017
UNCW,-0.4228715579726394,-0.1158887770965216,2017
UNLV,-0.08837996756020106,0.5052733279203803,2017
USC Upstate,-0.7278394589584539,0.6495728988842732,2017
UTRGV,-0.7257934011072258,0.2489573305496872,2017
Utah Valley,-0.22267887128813627,-0.31149991327930066,2017
VCU,-0.36581350505103744,0.2579974640165538,2017
VMI,-1.2983108554688991,1.414067349936277,2017
Valparaiso,-0.3486144498123003,0.04698554998589849,2017
Vermont,-0.0070727095899605205,0.09613030176697428,2017
Villanova,-0.08916076416837274,-0.07575115319122176,2017
Virginia,-0.02145017785583458,-0.4423540895978349,2017
Virginia Tech,0.029156622253183776,-0.39251575042610204,2017
Wake Forest,0.013137432893815887,-0.9512579688550276,2017
Washington,0.11718796945468825,-0.4326181019056568,2017
West Virginia,-0.573775915842919,-0.4133395866122018,2017
Western Ill.,-0.440605324211998,0.4751359905313409,2017
Western Mich.,-0.3650940889735333,0.07616655380888568,2017
William & Mary,0.07456913819977368,0.022127730843652358,2017
Winthrop,-0.7595563277451575,0.5027963923282884,2017
Wisconsin,-0.16357038806990454,-0.4182862645477439,2017
Wofford,-0.5430335384103651,0.3890630837574508,2017
Wright St.,-0.369998709139589,-0.015136877333784847,2017
Xavier,-0.037206096176161316,0.07298088906136448,2017
Yale,-0.6071285846374073,0.4665963878973213,2017
Akron,0.5252762853116986,-0.2969730025272476,2018
Albany (NY),-0.14774973998299196,0.07275667055091706,2018
American,-0.6880280647143222,1.3515573909147336,2018
Appalachian St.,-0.9993795292472902,0.521571490089333,2018
Army West Point,-0.4419950493186425,0.4043919026248277,2018
Belmont,-0.5656564881114357,0.8278598328842921,2018
Binghamton,-0.13018658033184222,0.7546172413992374,2018
Boston College,0.08836916785906575,0.7527881446242449,2018
Boston U.,-0.5945473953454421,0.7367607586290872,2018
Bowling Green,-0.4201120538401381,0.4460059161441916,2018
Bradley,-0.3405655535201319,0.430564816732989,2018
Brown,-0.5090553646786589,0.2590779201063867,2018
Bryant,-1.6055434993443494,0.613919837449697,2018
Bucknell,-0.8615189149732664,0.5715578431992869,2018
Butler,0.08405536576420422,0.2249092539591533,2018
CSU Bakersfield,-0.5252691633563629,0.8273682176851187,2018
CSUN,-0.08989362639646231,0.5866909184527738,2018
Cal Poly,-0.11832258411036467,0.6444653778324638,2018
Cal St. Fullerton,-0.3704931770388876,0.4315214208807464,2018
California,-0.18987987401952447,0.3616083927242181,2018
Campbell,-0.452311074425309,0.9477603643522616,2018
Canisius,0.024667954038854103,0.9922225230789076,2018
Central Ark.,-0.03912077780626511,0.9471963068315266,2018
Central Conn. St.,-0.3071953772876453,0.995071097960294,2018
Charlotte,-0.08437225740861501,0.35446748833812536,2018
Cincinnati,-0.1018140960765205,0.7686558166367496,2018
Clemson,0.4819222993265831,0.1680967614258985,2018
Cleveland St.,-0.2312162833049376,0.6155681722338899,2018
Coastal Caro.,0.15105146329557895,0.3788355971059929,2018
Col. of Charleston,-0.3380691350748102,0.3646804016710568,2018
Colgate,-0.00753452212166611,0.8009964083607102,2018
Columbia,0.09027706541600294,-0.5217707863410463,2018
Cornell,-0.2420296783180299,0.8036016242516382,2018
Creighton,0.2264792714693985,0.5695543155637375,2018
Dartmouth,0.29730304252873474,0.06753597312589613,2018
Davidson,-0.2606208500080055,0.7126407260703433,2018
Dayton,0.133342680305345,0.7662998672662811,2018
DePaul,-0.4449574996402447,0.8065706871271816,2018
Delaware,-0.4065443430183726,0.4513802872670912,2018
Denver,-0.1568063400800477,0.06886284290269701,2018
Detroit Mercy,-0.1467018064832436,0.8778848823427812,2018
Drake,-0.3816180662198686,0.9080395706692576,2018
Drexel,-1.1588507512609985,1.0640519701345623,2018
Duke,0.3928692702706355,0.15345886594594998,2018
Duquesne,-0.918472276146678,1.1552741646496254,2018
ETSU,-0.361009378672047,0.31342646072208835,2018
Eastern Ill.,-1.165874883048862,0.6044653636478813,2018
Elon,-0.2633580094479489,-0.1930075891273678,2018
Evansville,-0.2243925383007852,0.7102692052410164,2018
FGCU,0.11473661377199655,0.6184974533645754,2018
FIU,0.6581114108338746,0.6020598168139837,2018
Fairfield,-0.4192927213642956,0.658102800026223,2018
Fairleigh Dickinson,-0.1713487761346919,0.9220205166387424,2018
Fla. Atlantic,-0.7902548158269498,1.2337149101330678,2018
Fordham,-0.009183642647264132,0.08354143017684251,2018
Fort Wayne,-0.5336493444826067,1.1644548197554176,2018
Furman,-0.20321012324141147,0.5930981317788869,2018
Ga. Southern,-0.2890489303063672,0.8725754243639879,2018
Gardner-Webb,0.10467181953221057,1.2103899811324466,2018
George Mason,-0.05832451029464252,1.193856104382426,2018
George Washington,-0.2300605021292153,0.6217130775828044,2018
Georgetown,0.17795627318570964,-0.013065494724920744,2018
Georgia St.,0.04594028132594004,0.4986746929971292,2018
Gonzaga,-0.3600440429069484,0.6031504173298317,2018
Grand Canyon,-0.021399076698928057,0.9772369621279636,2018
Green Bay,-0.15073476677790645,0.7890145640399396,2018
Hartford,-0.7956351843226148,0.6897284780240058,2018
Hartwick,-0.5365767163189699,0.8565546623491378,2018
Harvard,-0.8488504438861013,1.0918161837443734,2018
High Point,-0.27956861468849264,0.21080956072277945,2018
Hofstra,-0.4088896482755735,0.5353106398349697,2018
Holy Cross,-0.5432616632588323,0.8658812487521956,2018
Houston Baptist,-0.4561083282878009,0.918249440351908,2018
Howard,-1.1423186572731805,1.1896426292350029,2018
IUPUI,-1.2717246711573391,1.1868469545401954,2018
Ill.-Chicago,-0.13972226342153762,0.5814634787470256,2018
Incarnate Word,-0.8059403320317893,0.7703397012774742,2018
Indiana,0.4133454506634057,-1.0978887887886588,2018
Iona,-0.6980555042660805,0.5591534197392651,2018
Jacksonville,-0.5030683401398387,0.904509396850491,2018
James Madison,0.03400583546868331,0.6765862501731145,2018
Kentucky,-0.31307249490482364,0.2195991576068707,2018
LIU Brooklyn,-0.3473239834959573,0.8920197785458341,2018
La Salle,-0.12190785084114708,1.0412072225268163,2018
Lafayette,-0.8303852305350452,1.1213929352280485,2018
Lehigh,0.025200695619421273,0.9427658775940864,2018
Liberty,-0.3923576228988324,0.706736555135715,2018
Lipscomb,0.04053286061873965,0.9183544551696394,2018
Longwood,-1.1663866068105662,1.134198056383565,2018
Louisville,0.16582531708780124,-0.2683234787175805,2018
Loyola Chicago,-0.3264243968388082,0.5149053303928101,2018
Loyola Maryland,-0.05882885271017418,0.6731320955718013,2018
Loyola Marymount,-0.6597690319915298,0.7482504871379796,2018
Manhattan,-0.4425840579395697,0.5471912885619137,2018
Marist,-0.16675751529877791,1.1276250897755151,2018
Marquette,-0.14569045283915638,0.9325487281642874,2018
Marshall,-0.36383378322907456,0.5749281290702039,2018
Maryland,0.14094430339472608,0.22170760384210975,2018
Massachusetts,0.1557720933651799,0.3785103263071586,2018
Memphis,-0.5629889165088547,0.8205261097091091,2018
Mercer,-0.4415853336958434,0.5731747908453549,2018
Michigan,0.09373152418336504,0.3624287590851879,2018
Michigan St.,0.17950861842382876,-0.27403369901225616,2018
Milwaukee,-0.13477898976100833,0.5069958595034122,2018
Missouri St.,-0.7294381362573501,-0.2209411689719056,2018
Monmouth,-0.2575240260306218,0.8542149367779981,2018
NC State,-0.3046335210342035,0.2646174589987553,2018
NJIT,-0.2516823426034768,0.7423261044098741,2018
Navy,-0.785586805007074,1.0039152250923475,2018
New Hampshire,0.0065684978563882316,-0.20016179083966928,2018
New Mexico,-0.08936146437634096,0.25413898030257714,2018
Niagara,-1.0333685492211524,1.3465996854710385,2018
North Carolina,0.6717774459241171,0.017004640845880173,2018
North Florida,-0.5589919749940757,0.98131213026611,2018
Northeastern,-0.6319800883246653,1.0023642556365062,2018
Northern Ill.,-0.28969610185809314,1.2650252349034412,2018
Northern Ky.,-0.6384342288434192,0.5181107735558836,2018
Northwestern,-0.2544568684173049,0.7897599783683431,2018
Notre Dame,0.27965193275588035,0.008117476729099056,2018
Oakland,-0.2849721776813416,0.9053079630312054,2018
Ohio St.,-0.4215623011238182,0.4659021345518991,2018
Old Dominion,0.095119292406337,0.5428199449157106,2018
Omaha,-0.2497155517134453,0.2508032060420251,2018
Oral Roberts,-0.5010495444490362,1.0715780332094746,2018
Oregon St.,-0.15132699863066895,0.6927213549682488,2018
Pacific,0.13095740106545645,0.271930029950656,2018
Penn,-0.4053644534017249,1.113743454487468,2018
Penn St.,-0.25175698171461625,0.4879306340777849,2018
Pittsburgh,-0.06781720950084116,0.5021492863871138,2018
Portland,0.3568180613185518,0.5032663050393175,2018
Presbyterian,-0.3893445172652487,0.5318351366291235,2018
Princeton,-0.512832225659823,0.3868766417063523,2018
Providence,-0.2284476541044969,0.5723469121242505,2018
Quinnipiac,-0.5917927336069808,0.43702337209642905,2018
Radford,0.12889617141936455,0.4886167720225279,2018
Rhode Island,-0.05938938318179352,0.4705328498876624,2018
Rider,-0.22941433157991745,0.5386478649683606,2018
Robert Morris,-0.5507672597116278,1.2087344580630257,2018
Rutgers,-0.058692184678959335,1.148166788537891,2018
SIUE,-0.4649586381914507,0.3637326963448846,2018
SMU,0.21092043937612698,-0.28129190448790303,2018
Sacramento St.,-0.0934653475151513,0.8492075293713731,2018
Sacred Heart,-1.2806794410286888,1.077337201747225,2018
Saint Francis (PA),0.10827692383520894,0.8662446100074932,2018
Saint Joseph's,-0.7184898242166674,1.0613699995306995,2018
Saint Louis,-0.2151704939611072,0.6240661871081234,2018
Saint Mary's (CA),-0.0298368896016472,0.4706796954459541,2018
Saint Peter's,-0.4446336617606504,1.333413336232955,2018
San Diego,-0.15371013030964334,0.2248671936069572,2018
San Diego St.,-0.3763835841912666,0.675543099636844,2018
San Francisco,0.4884289406644175,0.8703631868646557,2018
San Jose St.,-0.2093960640012547,0.7886846845936866,2018
Santa Clara,0.09747572121047658,1.0683635571213683,2018
Seattle U,0.03344538483313922,0.2776269818392718,2018
Seton Hall,-0.19651642445513376,0.9572481706331171,2018
Siena,-0.6518353674995895,0.869682740415,2018
South Carolina,-0.2362820936221114,0.7872828907791858,2018
South Fla.,0.14900136706066905,0.5195929338442699,2018
St. Bonaventure,-0.5065514879800477,0.8820423170556162,2018
St. Francis Brooklyn,-0.1699418196003155,0.5380845582095664,2018
St. John's (NY),-0.252501401627601,-0.011909347023076168,2018
Stanford,0.4178201898746667,-0.7913084818089255,2018
Stetson,-0.4911380468655686,0.7676971855000939,2018
Stony Brook,-0.3638617927373601,0.4530868086051779,2018
Syracuse,0.13166373226130906,0.4441117800835789,2018
Temple,-0.042634309928276236,0.6359969929051432,2018
Tulsa,0.1970628217384245,0.6353299792252816,2018
UAB,-0.3726756016860139,0.5972246752830035,2018
UC Davis,0.2258166711863037,0.662333438020743,2018
UC Irvine,0.12558914393688247,0.8262703517344548,2018
UC Riverside,-0.3240738619568942,0.9748609921357501,2018
UC Santa Barbara,-0.4907894436422065,0.6061960669697658,2018
UCF,0.15679778251748933,0.19498052026136012,2018
UCLA,0.11200744616208733,0.6466342784087188,2018
UConn,-0.1895767846701828,0.31262154969295863,2018
UMBC,-0.04282051888056915,0.7607352861192069,2018
UMKC,-0.1972550719105985,0.9675786095502484,2018
UMass Lowell,-0.061199869991118365,0.4837342911454439,2018
UNC Asheville,-1.0559214260865262,1.361465022516485,2018
UNCG,-0.348498429207711,0.4700112828181112,2018
UNCW,0.05953685806992436,0.4065350199085226,2018
UNLV,0.04496631507465304,0.654414334858296,2018
USC Upstate,-0.6833472252432855,1.2739459715315775,2018
UTRGV,-0.3290693252947172,0.5920940287460785,2018
Utah Valley,-0.2604158386694792,0.8145300933594619,2018
VCU,0.3248348001185394,0.4771718958455025,2018
VMI,-1.9547869658778585,2.041422455054418,2018
Valparaiso,-0.022713083492345857,1.0620329130820247,2018
Vermont,-0.02356500915916039,0.7201080254599058,2018
Villanova,-0.17124102915034084,0.6391823288897904,2018
Virginia,0.1710977459409999,-0.03089276024906845,2018
Virginia Tech,0.059997199220634574,0.5663759475456661,2018
Wake Forest,0.6487844231450843,-0.3578326809094159,2018
Washington,0.3165458032655182,0.3791427798773129,2018
West Virginia,-0.42769332911551217,0.43846108569457776,2018
Western Ill.,-0.30038130927778506,1.0898614446622634,2018
Western Mich.,0.21463128310761365,-0.022878367062613786,2018
William & Mary,0.2566542333417835,0.42109578796563335,2018
Winthrop,-0.8500339444147779,1.0647058807983132,2018
Wisconsin,0.44047076194845663,0.334954768539508,2018
Wofford,-0.4825162294242495,1.5359467356874732,2018
Wright St.,-0.15183277845929505,0.7733805472152464,2018
Xavier,0.20223523146717245,0.575162554382286,2018
Yale,-0.6904037006087173,0.6690226857901369,2018
